병원명,주소,주소,,lat,lon
인제대학교 해운대백병원,부산광역시 해운대구 해운대로 875 (좌동),부산광역시,해운대구,35.1734932,129.1819789
의료법인 인당의료재단 해운대부민병원,부산광역시 해운대구 해운대로 584 (우동),부산광역시,해운대구,35.1613686,129.1558441
재단법인천주교부산교구유지재단 메리놀병원,부산광역시 중구 중구로 121 (대청동4가),부산광역시,중구,35.1061643,129.0300016
영도병원,부산광역시 영도구 태종로 85 (대교동2가),부산광역시,영도구,35.0871838,129.039815
의료법인 행도의료재단 해동병원,부산광역시 영도구 태종로 133 (봉래동3가),부산광역시,영도구,35.0944702,129.0443453
부산광역시의료원,"부산광역시 연제구 월드컵대로 359 (거제동, 1동, 5동일부)",부산광역시,연제구,35.1873066,129.0595584
비에이치에스한서병원,부산광역시 수영구 수영로 615 (광안동),부산광역시,수영구,35.1608916,129.1131305
의료법인 은성의료재단 좋은강안병원,부산광역시 수영구 수영로 493 (남천동),부산광역시,수영구,35.1499639,129.1104981
삼육부산병원,부산광역시 서구 대티로 170 (서대신동2가),부산광역시,서구,35.112519,129.0112693
동아대학교병원,부산광역시 서구 대신공원로 26 (동대신동3가),부산광역시,서구,35.120294,129.0179994
부산대학교병원,부산광역시 서구 구덕로 179 (아미동1가),부산광역시,서구,35.1004806,129.0190543
고신대학교복음병원,부산광역시 서구 감천로 262 (암남동),부산광역시,서구,35.0807796,129.014416
한국보훈복지의료공단 부산보훈병원,부산광역시 사상구 백양대로 420 (주례동),부산광역시,사상구,35.1507988,129.0027795
의료법인은성의료재단좋은삼선병원,부산광역시 사상구 가야대로 326 (주례동),부산광역시,사상구,35.1501479,129.0077859
의료법인 인당의료재단 부민병원,부산광역시 북구 만덕대로 59 (덕천동),부산광역시,북구,35.2119687,129.0112391
구포성심병원,부산광역시 북구 낙동대로 1786 (구포동),부산광역시,북구,35.2095944,129.0045343
학교법인 춘해병원,"부산광역시 부산진구 중앙대로 605, 지상1층~지상9층 (범천동)",부산광역시,부산진구,35.1486628,129.051551
학교법인)동의병원,"부산광역시 부산진구 양정로 62, 지상2ㆍ3ㆍ10층 각 일부/ 지하1ㆍ지상1ㆍ지상4~지상8층 전층 (양정동)",부산광역시,부산진구,35.1704973,129.0771742
인제대학교부산백병원,"부산광역시 부산진구 복지로 75, 진사로83번길 81, 1층(일부), 3층 (개금동)",부산광역시,부산진구,35.1443591,129.0206079
의료법인 온그룹의료재단 온종합병원,"부산광역시 부산진구 가야대로 721, 719, 767 (당감동)",부산광역시,부산진구,35.1578057,129.0499681
의료법인 광혜의료재단 광혜병원,"부산광역시 동래구 충렬대로 96 (온천동, 광혜병원)",부산광역시,동래구,35.2070968,129.0712664
대동병원,부산광역시 동래구 충렬대로 187 (명륜동),부산광역시,동래구,35.2095372,129.0836115
동래봉생병원,부산광역시 동래구 안연로109번길 27 (안락동),부산광역시,동래구,35.1969082,129.0961081
의료법인정화의료재단 김원묵기념봉생병원,"부산광역시 동구 중앙대로 401 (좌천동, 봉생병원)",부산광역시,동구,35.131003,129.050142
재단법인한호기독교선교회 일신기독병원,부산광역시 동구 정공단로 27 (좌천동),부산광역시,동구,35.1355141,129.0540545
좋은문화병원,부산광역시 동구 범일로 119 (범일동),부산광역시,동구,35.1407228,129.058962
부산성모병원(재단법인 천주교부산교구유지재단),부산광역시 남구 용호로232번길 25-14 (용호동),부산광역시,남구,35.110167,129.1092
동남권원자력의학원,부산광역시 기장군 장안읍 좌동길 40,부산광역시,기장군,35.3214832,129.243613
경북대학교병원,"대구광역시 중구 동덕로 130 (삼덕동2가, 경북대학교병원)",대구광역시,중구,35.865942,128.6051356
계명대학교대구동산병원,"대구광역시 중구 달성로 56, 계명대학교대구동산병원 (동산동)",대구광역시,중구,35.8686161,128.5829205
곽병원,대구광역시 중구 국채보상로 531 (수동),대구광역시,중구,35.8694214,128.5892796
(재)미리내천주성삼성직수도회천주성삼병원,"대구광역시 수성구 달구벌대로 3190 (신매동, 천주성삼병원)",대구광역시,수성구,35.8402373,128.7057218
대구의료원,대구광역시 서구 평리로 157 (중리동),대구광역시,서구,35.8596025,128.5405922
칠곡경북대학교병원,"대구광역시 북구 호국로 807, 칠곡경북대학교병원(임상실습동1~8층 포함) (학정동)",대구광역시,북구,35.9566936,128.5643794
대구가톨릭대학교칠곡가톨릭병원,대구광역시 북구 칠곡중앙대로 440 (읍내동),대구광역시,북구,35.9349066,128.5492967
대구파티마병원,대구광역시 동구 아양로 99 (신암동),대구광역시,동구,35.8840357,128.6238479
나사렛종합병원,"대구광역시 달서구 월배로 97, 나사렛병원 (진천동)",대구광역시,달서구,35.814515,128.525249
삼일병원,"대구광역시 달서구 월배로 446, 가,다동 (송현동)",대구광역시,달서구,35.8251562,128.5544412
한국보훈복지의료공단대구보훈병원,대구광역시 달서구 월곡로 60 (도원동),대구광역시,달서구,35.8028989,128.5517754
더블유병원,대구광역시 달서구 달구벌대로 1632 (감삼동),대구광역시,달서구,35.8527263,128.5450535
계명대학교동산병원,대구광역시 달서구 달구벌대로 1035 (신당동),대구광역시,달서구,35.8543379,128.4948521
의료법인구의료재단구병원,대구광역시 달서구 감삼북길 141 (감삼동),대구광역시,달서구,35.8506505,128.5413994
영남대학교병원,대구광역시 남구 현충로 170 (대명동),대구광역시,남구,35.8469571,128.5827831
대구가톨릭대학교병원,대구광역시 남구 두류공원로17길 33 (대명동),대구광역시,남구,35.8438086,128.5670053
드림종합병원,대구광역시 남구 대명로 153 (대명동),대구광역시,남구,35.8396305,128.574495
인하대학교의과대학부속병원,인천광역시 중구 인항로 27 (신흥동3가),인천광역시,중구,37.458619,126.6340376
인천기독병원,인천광역시 중구 답동로30번길 10 (율목동),인천광역시,중구,37.4712731,126.632106
의료법인 나사렛의료재단 나사렛국제병원,"인천광역시 연수구 먼우금로 98 (동춘동, 나사렛국제병원)",인천광역시,연수구,37.4080241,126.6705124
의료법인 성세의료재단 뉴 성민병원,"인천광역시 서구 칠천왕로33번길 17 (석남동, 신석로 70(석남1동, 성민병원))",인천광역시,서구,37.5091583,126.6697405
검단탑병원,인천광역시 서구 청마로19번길 5 (당하동),인천광역시,서구,37.5925263,126.6709448
의료법인 루가의료재단 나은병원,"인천광역시 서구 원적로 23 (가좌동, 원적로 27번길 11(가좌동))",인천광역시,서구,37.4941961,126.6824354
온누리병원,인천광역시 서구 완정로 199 (왕길동),인천광역시,서구,37.6027544,126.654316
가톨릭관동대학교국제성모병원,"인천광역시 서구 심곡로100번길 25 (심곡동, 인천국제성모병원)",인천광역시,서구,37.5424593,126.6838205
안은의료재단 부평세림병원,"인천광역시 부평구 부평대로 175 (청천동, 세림병원)",인천광역시,부평구,37.5070301,126.7201013
근로복지공단인천병원,인천광역시 부평구 무네미로 446 (구산동),인천광역시,부평구,37.4761818,126.7539528
가톨릭대학교 인천성모병원,인천광역시 부평구 동수로 56 (부평동),인천광역시,부평구,37.4844074,126.7249147
인천사랑병원,인천광역시 미추홀구 미추홀대로 726 (주안동),인천광역시,미추홀구,37.4620945,126.6807682
현대유비스병원,인천광역시 미추홀구 독배로 503 (숭의동),인천광역시,미추홀구,37.4614899,126.6429794
의료법인 성수의료재단 인천백병원,인천광역시 동구 샛골로 214 (송림동),인천광역시,동구,37.4765342,126.644187
인천광역시의료원,"인천광역시 동구 방축로 217 (송림동, 인천광역시 의료원)",인천광역시,동구,37.4785259,126.6685039
인천힘찬종합병원,"인천광역시 남동구 논현로 72-0 (논현동,인천힘찬종합병원)",인천광역시,남동구,37.4011296,126.7148166
의료법인 길의료재단 길병원,"인천광역시 남동구 남동대로774번길 21 (구월동, 가천대학교길병원)",인천광역시,남동구,37.4523159,126.7074861
한림병원,인천광역시 계양구 장제로 722 (작전동),인천광역시,계양구,37.5239391,126.7332109
인천세종병원,"인천광역시 계양구 계양문화로 20, 메디플렉스 세종병원 (작전동)",인천광역시,계양구,37.5324558,126.7371651
비에스종합병원,인천광역시 강화군 강화읍 충렬사로 31,인천광역시,강화군,37.7311247,126.4781602
미래로21병원,광주광역시 서구 화운로 1 (화정동),광주광역시,서구,35.141032,126.8852636
광주한국병원,광주광역시 서구 월드컵4강로 223 (쌍촌동),광주광역시,서구,35.1559619,126.8685727
상무병원,광주광역시 서구 상무자유로 181-7 (치평동),광주광역시,서구,35.1523404,126.853923
선한병원,광주광역시 서구 무진대로 975 (광천동),광주광역시,서구,35.161428,126.8871751
서광병원,광주광역시 서구 금화로59번길 6 (금호동),광주광역시,서구,35.1326041,126.8554899
광주희망병원,광주광역시 북구 하서로 429 (용두동),광주광역시,북구,35.2167103,126.8728541
광주일곡병원,광주광역시 북구 양일로 309 (일곡동),광주광역시,북구,35.2028356,126.8976362
광주현대병원,광주광역시 북구 설죽로 291 (용봉동),광주광역시,북구,35.1855143,126.8979855
운암한국병원,광주광역시 북구 북문대로 191 (운암동),광주광역시,북구,35.1852294,126.8699041
광주병원,광주광역시 북구 면앙로139번길 51 (두암동),광주광역시,북구,35.1788817,126.9281914
조선대학교병원,광주광역시 동구 필문대로 365 (서석동),광주광역시,동구,35.1386047,126.9266779
전남대학교병원,광주광역시 동구 제봉로 42 (학동),광주광역시,동구,35.1416819,126.9220315
광주기독병원,광주광역시 남구 양림로 37 (양림동),광주광역시,남구,35.1366727,126.912122
광주씨티병원,광주광역시 남구 서문대로654번길 5 (진월동),광주광역시,남구,35.1178,126.8996057
동아병원,광주광역시 남구 대남대로 238 (백운동),광주광역시,남구,35.1379895,126.8981402
첨단종합병원,광주광역시 광산구 첨단중앙로170번길 59 (쌍암동),광주광역시,광산구,35.2209175,126.845173
광주보훈병원,광주광역시 광산구 첨단월봉로 99 (산월동),광주광역시,광산구,35.2076364,126.8498661
광주수완병원,광주광역시 광산구 임방울대로 370 (수완동),광주광역시,광산구,35.2055764,126.8256961
하남성심병원,광주광역시 광산구 용아로 259 (산정동),광주광역시,광산구,35.16676,126.8007894
KS병원,광주광역시 광산구 왕버들로 220 (수완동),광주광역시,광산구,35.1978963,126.8332013
신가병원,광주광역시 광산구 목련로 316 (신가동),광주광역시,광산구,35.1774512,126.8296325
충남대학교병원,"대전광역시 중구 문화로 282 (대사동, 충남대학교병원)",대전광역시,중구,36.3167707,127.4162265
의료법인영훈의료재단대전선병원,"대전광역시 중구 목중로 29 (목동, 선병원)",대전광역시,중구,36.3360252,127.4102951
학교법인가톨릭학원가톨릭대학교대전성모병원,대전광역시 중구 대흥로 64 (대흥동),대전광역시,중구,36.3219153,127.4203634
의료법인영훈의료재단유성선병원,대전광역시 유성구 북유성대로 93 (지족동),대전광역시,유성구,36.37518,127.3248025
학교법인을지학원대전을지대학교병원,대전광역시 서구 둔산서로 95 (둔산동),대전광역시,서구,36.355327,127.3820082
학교법인건양교육재단건양대학교병원,"대전광역시 서구 관저동로 158, 건양대학교병원 (관저동)",대전광역시,서구,36.3067823,127.3422503
대청병원,"대전광역시 서구 계백로 1322 (정림동, 대청병원)",대전광역시,서구,36.3083196,127.3703568
대전한국병원,대전광역시 동구 동서대로 1672 (성남동),대전광역시,동구,36.348219,127.435792
대전보훈병원,대전광역시 대덕구 대청로82번길 147 (신탄진동),대전광역시,대덕구,36.4473433,127.4393525
근로복지공단대전병원,대전광역시 대덕구 계족로 637 (법동),대전광역시,대덕구,36.3682859,127.4287207
의료법인동강의료재단동강병원,울산광역시 중구 태화로 239 (태화동),울산광역시,중구,35.553663,129.3020349
의료법인동강의료재단동천동강병원,"울산광역시 중구 외솔큰길 215 (남외동, 동천동강병원)",울산광역시,중구,35.568577,129.350513
서울산보람병원,울산광역시 울주군 삼남읍 중평로 53,울산광역시,울주군,35.5596168,129.1205746
울산엘리야병원,울산광역시 북구 호계로 285 (호계동),울산광역시,북구,35.6288954,129.3506373
의료법인송은의료재단울산시티병원,울산광역시 북구 산업로 1007 (연암동),울산광역시,북구,35.5810679,129.3623813
학교법인울산공업학원울산대학교병원,"울산광역시 동구 방어진순환도로 877, 울산대학교병원 (전하동)",울산광역시,동구,35.5199931,129.4289601
의료법인혜명심의료재단울산병원,울산광역시 남구 월평로171번길 13 (신정동),울산광역시,남구,35.546209,129.3230784
의료법인은성의료재단좋은삼정병원,울산광역시 남구 북부순환도로 51 (무거동),울산광역시,남구,35.5528284,129.2690588
의료법인정안의료재단중앙병원,울산광역시 남구 문수로480번길 10 (신정동),울산광역시,남구,35.5315233,129.3052032
세종충남대학교병원,"세종특별자치시 보듬7로 20, 세종충남대학교병원 (도담동)",세종특별자치시,보듬7로,36.519191,127.2582747
홍천아산병원,강원도 홍천군 홍천읍 산림공원1길 17,강원도,홍천군,37.6906658,127.8946511
근로복지공단태백병원,강원도 태백시 보드미길 8 (장성동),강원도,태백시,37.1034236,129.005278
한림대학교춘천성심병원,강원도 춘천시 삭주로 77 (교동),강원도,춘천시,37.8809701,127.7342066
강원대학교병원,강원도 춘천시 백령로 156 (효자동),강원도,춘천시,37.8753509,127.7450198
연세대학교 원주세브란스기독병원,강원도 원주시 일산로 20 (일산동),강원도,원주시,37.348469,127.9451839
강원도원주의료원,"강원도 원주시 서원대로 387 (개운동, 지방공사강원도원주의료원)",강원도,원주시,37.3325951,127.9492126
강원도영월의료원,강원도 영월군 영월읍 중앙1로 59,강원도,영월군,37.1865308,128.4651096
의료법인보광의료재단속초보광병원,강원도 속초시 중앙로 11 (교동),강원도,속초시,38.2010973,128.5750644
강원도속초의료원,강원도 속초시 영랑호반길 3 (영랑동),강원도,속초시,38.2164098,128.5885347
강원도삼척의료원,강원도 삼척시 오십천로 418 (남양동),강원도,삼척시,37.4398318,129.1633551
의료법인 동해동인병원,강원도 동해시 하평로 26 (평릉동),강원도,동해시,37.5301401,129.1073994
의산의료재단강릉고려병원,강원도 강릉시 옥가로 30 (옥천동),강원도,강릉시,37.7590037,128.89986
강릉아산병원,강원도 강릉시 사천면 방동길 38,강원도,강릉시,37.8182428,128.8592719
강원도강릉의료원,강원도 강릉시 경강로 2007 (남문동),강원도,강릉시,37.7492664,128.8887254
의료법인강릉동인병원,강원도 강릉시 강릉대로419번길 42 (포남동),강원도,강릉시,37.7743397,128.9070484
충청북도충주의료원,충청북도 충주시 안림로 239-50 (안림동),충청북도,충주시,36.9798103,127.9707484
건국대학교충주병원,충청북도 충주시 국원대로 82 (교현동),충청북도,충주시,36.9789554,127.9288846
재단법인베스티안재단베스티안병원,충청북도 청주시 흥덕구 오송읍 오송생명1로 191-0 (오송읍),충청북도,청주시,36.6363751,127.31789
의료법인한마음의료재단하나병원,충청북도 청주시 흥덕구 2순환로 1262 (가경동),충청북도,청주시,36.6281257,127.4357147
청주성모병원,충청북도 청주시 청원구 주성로 173-19 (주중동),충청북도,청주시,36.6740208,127.4861933
충청북도청주의료원,충청북도 청주시 서원구 흥덕로 48 (사직동),충청북도,청주시,36.6404215,127.4734522
충북대학교병원,충청북도 청주시 서원구 1순환로 776 (개신동),충청북도,청주시,36.6224341,127.4603621
의료법인정산의료재단효성병원,충청북도 청주시 상당구 쇠내로 16 (금천동),충청북도,청주시,36.6244467,127.4955285
의료법인인화재단한국병원,충청북도 청주시 상당구 단재로 106 (영운동),충청북도,청주시,36.6173965,127.4991485
의료법인건명의료재단진천성모병원,충청북도 진천군 진천읍 중앙북로 36,충청북도,진천군,36.858312,127.4406201
의료법인자산의료재단제천서울병원,충청북도 제천시 숭문로 57 (서부동),충청북도,제천시,37.1386904,128.2062186
의료법인명지의료재단명지병원,"충청북도 제천시 내토로 991 (고암동, 의료법인 명지의료재단 명지병원)",충청북도,제천시,37.1633515,128.2339864
의료법인힐링의료재단옥천성모병원,충청북도 옥천군 옥천읍 성왕로 1195 (옥천읍),충청북도,옥천군,36.3137075,127.571949
충청남도홍성의료원,충청남도 홍성군 홍성읍 조양로 224,충청남도,홍성군,36.5988023,126.6743322
의료법인영서의료재단천안충무병원,충청남도 천안시 서북구 다가말3길 8 (쌍용동),충청남도,천안시,36.7973471,127.1315479
충청남도천안의료원,충청남도 천안시 동남구 충절로 537 (삼룡동),충청남도,천안시,36.780891,127.1779037
학교법인동은학원순천향대학교부속천안병원,충청남도 천안시 동남구 순천향6길 31 (봉명동),충청남도,천안시,36.8027798,127.1353347
단국대학교의과대학부속병원,"충청남도 천안시 동남구 망향로 201 (안서동, 단국대학교의과대학부속병원)",충청남도,천안시,36.8420156,127.1725085
의료법인 예당의료재단 예산종합병원,충청남도 예산군 예산읍 금오대로 94,충청남도,예산군,36.6910697,126.8377044
아산충무병원,충청남도 아산시 문화로 381 (모종동),충청남도,아산시,36.7839955,127.0211404
충청남도서산의료원,충청남도 서산시 중앙로 149 (석림동),충청남도,서산시,36.7775509,126.4751753
서산중앙병원,충청남도 서산시 수석산업로 5 (수석동),충청남도,서산시,36.7811126,126.5035261
재단법인아산사회복지재단보령아산병원,충청남도 보령시 죽성로 136 (죽정동),충청남도,보령시,36.3805499,126.6232855
당진종합병원,충청남도 당진시 반촌로 5-15,충청남도,당진시,36.9044154,126.6847755
의료법인백제병원,충청남도 논산시 시민로294번길 14 (취암동),충청남도,논산시,36.1923478,127.0943895
충청남도공주의료원,충청남도 공주시 무령로 77 (웅진동),충청남도,공주시,36.4591481,127.1129396
재단법인아산사회복지재단정읍아산병원,전라북도 정읍시 충정로 606-22 (용계동),전라북도,정읍시,35.5948064,126.8111627
의료법인영경의료재단전주병원,"전라북도 전주시 완산구 한두평3길 13 (중화산동2가, 전주병원)",전라북도,전주시,35.8150738,127.1248037
재단법인예수병원유지재단예수병원,"전라북도 전주시 완산구 서원로 365 (중화산동1가, 예수병원)",전라북도,전주시,35.8141942,127.1333077
전주고려병원,전라북도 전주시 덕진구 안덕원로 367,전라북도,전주시,35.8399667,127.1671913
대자인병원,전라북도 전주시 덕진구 견훤로 390 (우아동3가),전라북도,전주시,35.8459773,127.1533607
전북대학교병원,전라북도 전주시 덕진구 건지로 20 (금암동),전라북도,전주시,35.8471872,127.1405894
의료법인대산의료재단익산병원,전라북도 익산시 무왕로 969 (신동),전라북도,익산시,35.9597845,126.9614034
원광대학교병원,전라북도 익산시 무왕로 895 (신동),전라북도,익산시,35.9597845,126.9614034
부안성모병원,전라북도 부안군 부안읍 오정2길 24 (부안읍),전라북도,부안군,35.7246989,126.7344282
전라북도남원의료원,"전라북도 남원시 충정로 365 (고죽동,(고죽동))",전라북도,남원시,35.4318778,127.407227
의료법인오성의료재단동군산병원,전라북도 군산시 조촌로 149 (조촌동),전라북도,군산시,35.9773651,126.7370947
전라북도군산의료원,"전라북도 군산시 의료원로 27 (지곡동, 군산의료원)",전라북도,군산시,35.954685,126.7124545
의료법인석천재단고창병원,전라북도 고창군 고창읍 화신1길 9 (고창읍),전라북도,고창군,35.4364207,126.693663
화순전남대학교병원,전라남도 화순군 화순읍 서양로 322,전라남도,화순군,35.060188,127.0023323
의료법인행촌의료재단 해남종합병원,전라남도 해남군 해남읍 해남로 45,전라남도,해남군,34.5716031,126.6130203
해남우리종합병원,전라남도 해남군 옥천면 해남로 597,전라남도,해남군,34.5844659,126.6470175
의료법인 우범의료재단 장흥종합병원,전라남도 장흥군 장흥읍 흥성로 74,전라남도,장흥군,34.6770898,126.9111921
영광종합병원,"전라남도 영광군 영광읍 와룡로 3,",전라남도,영광군,35.2844251,126.4989075
의료법인 거명의료재단 영광기독병원,전라남도 영광군 영광읍 신남로 265,전라남도,영광군,35.2749984,126.5110264
여수전남병원,"전라남도 여수시 좌수영로 49 (광무동, 전남병원)",전라남도,여수시,34.7447253,127.7280156
여천전남병원,전라남도 여수시 무선로 95 (선원동),전라남도,여수시,34.7690003,127.6542545
근로복지공단 순천병원,전라남도 순천시 조례1길 24 (조례동),전라남도,순천시,34.9608961,127.5249021
순천중앙병원,전라남도 순천시 장명로 5 (장천동),전라남도,순천시,34.9516069,127.4845265
의료법인한국의료재단한국병원,전라남도 순천시 우명길 42 (연향동),전라남도,순천시,34.9476145,127.5125098
성가롤로병원,전라남도 순천시 순광로 221 (조례동),전라남도,순천시,34.9642662,127.5428763
전라남도순천의료원,전라남도 순천시 서문성터길 2 (매곡동),전라남도,순천시,34.9581335,127.4834761
순천제일병원,전라남도 순천시 기적의도서관1길 3 (조례동),전라남도,순천시,34.9548623,127.5243675
대송의료재단무안병원,전라남도 무안군 무안읍 몽탄로 65,전라남도,무안군,34.9914382,126.4891531
목포시의료원,전라남도 목포시 이로로 18 (용해동),전라남도,목포시,34.8041235,126.4053521
의료법인목포구암의료재단 목포중앙병원,전라남도 목포시 영산로 627 (석현동),전라남도,목포시,34.8225247,126.4227603
목포한국병원,전라남도 목포시 영산로 483 (상동),전라남도,목포시,34.8145537,126.4116562
목포기독병원,전라남도 목포시 백년대로 303 (상동),전라남도,목포시,34.804445,126.4206723
의료법인해민의료재단 세안종합병원,전라남도 목포시 고하대로 795-2 (연산동),전라남도,목포시,34.8280744,126.3876261
빛가람종합병원,전라남도 나주시 정보화길 49-0 (빛가람동),전라남도,나주시,35.024698,126.7136454
나주종합병원,전라남도 나주시 영산로 5419 (성북동),전라남도,나주시,35.0365136,126.7214532
광양사랑병원,전라남도 광양시 공영로 71 (중동),전라남도,광양시,34.9361515,127.6970766
의료법인영성의료재단고흥종합병원,전라남도 고흥군 고흥읍 고흥로 1935,전라남도,고흥군,34.6210043,127.2939397
경상북도 포항의료원,경상북도 포항시 북구 용흥로 36 (용흥동),경상북도,포항시,36.0350941,129.3544868
의료법인 은성의료재단 좋은선린병원,경상북도 포항시 북구 대신로 43 (대신동),경상북도,포항시,36.0480652,129.367134
에스포항병원,"경상북도 포항시 남구 희망대로 352 (이동, 에스포항병원)",경상북도,포항시,36.0348349,129.3313364
포항세명기독병원,경상북도 포항시 남구 포스코대로 351 (대도동),경상북도,포항시,36.0044506,129.3571834
포항성모병원,경상북도 포항시 남구 대잠동길 17 (대잠동),경상북도,포항시,36.0148312,129.3392909
영남대학교의과대학부속 영천병원,경상북도 영천시 오수1길 10 (오수동),경상북도,영천시,35.9572122,128.9130753
영주적십자병원,"경상북도 영주시 대학로 327, 영주적십자병원 (가흥동)",경상북도,영주시,36.8252312,128.604632
경상북도안동의료원,"경상북도 안동시 태사2길 55 (북문동, 470)",경상북도,안동시,36.5681036,128.7318687
의료법인안동병원,경상북도 안동시 앙실로 11 (수상동),경상북도,안동시,36.5471395,128.7008616
안동성소병원,경상북도 안동시 서동문로 99 (금곡동),경상북도,안동시,36.5690859,128.7188374
상주적십자병원,경상북도 상주시 상서문로 53 (남성동),경상북도,상주시,36.4144603,128.1551675
의료법인삼백의료재단상주성모병원,경상북도 상주시 냉림서성길 7 (냉림동),경상북도,상주시,36.420796,128.1599753
의료법인동춘의료재단문경제일병원,경상북도 문경시 당교3길 25 (모전동),경상북도,문경시,36.5843256,128.1891835
의료법인덕산의료재단김천제일병원,경상북도 김천시 신음1길 12 (신음동),경상북도,김천시,36.1353472,128.1187424
경상북도김천의료원,경상북도 김천시 모암길 24 (모암동),경상북도,김천시,36.1226447,128.1264564
구미강동병원,경상북도 구미시 인동20길 46 (진평동),경상북도,구미시,36.0961415,128.4228503
차의과학대학교부속구미차병원,경상북도 구미시 신시로10길 12 (형곡동),경상북도,구미시,36.1147524,128.3407379
순천향대학교 부속 구미병원,경상북도 구미시 1공단로 179 (공단동),경상북도,구미시,36.1030929,128.3826739
동국대학교 의과대학 경주병원,경상북도 경주시 동대로 87 (석장동),경상북도,경주시,35.8583073,129.1954409
의)근원의료재단 경산중앙병원,경상북도 경산시 경안로 11 (백천동),경상북도,경산시,35.8083914,128.7422339
재단법인대구포교성베네딕도수녀회창원파티마병원,경상남도 창원시 의창구 창이대로 45 (명서동),경상남도,창원시,35.2481557,128.6439878
창원한마음병원,경상남도 창원시 의창구 용동로57번길 8 (사림동),경상남도,창원시,35.2420832,128.706151
근로복지공단 창원병원,경상남도 창원시 성산구 창원대로 721 (중앙동),경상남도,창원시,35.2187515,128.6724459
창원경상국립대학교병원,"경상남도 창원시 성산구 삼정자로 11 (성주동, 창원경상대학교병원)",경상남도,창원시,35.1987691,128.7081267
학교법인성균관대학삼성창원병원,"경상남도 창원시 마산회원구 팔용로 158 (합성동, 삼성창원병원)",경상남도,창원시,35.2428993,128.5919073
의료법인청아의료재단청아병원,경상남도 창원시 마산회원구 내서읍 광려천서로 67 (청아병원),경상남도,창원시,35.2479443,128.5096097
의료법인합포의료재단에스엠지연세병원,"경상남도 창원시 마산합포구 3·15대로 76 (월남동2가, 합포의료재단)",경상남도,창원시,35.1863296,128.5616194
의료법인석영의료재단창원제일종합병원,경상남도 창원시 마산합포구 3·15대로 238 (중앙동3가),경상남도,창원시,35.1985739,128.568003
경상남도마산의료원,경상남도 창원시 마산합포구 3·15대로 231 (중앙동3가),경상남도,창원시,35.1985739,128.568003
제일병원,경상남도 진주시 진주대로 885 (강남동),경상남도,진주시,35.1794205,128.0904334
한일병원,"경상남도 진주시 범골로 17, 지1,1~5,7층 (충무공동)",경상남도,진주시,35.1799817,128.1076213
진주고려병원,"경상남도 진주시 동진로 2 (칠암동, 진주고려병원)",경상남도,진주시,35.1784535,128.0920114
경상국립대학교병원,경상남도 진주시 강남로 79 (칠암동),경상남도,진주시,35.183564,128.0918167
베데스다복음병원,경상남도 양산시 신기로 28 (신기동),경상남도,양산시,35.353235,129.0436424
웅상중앙병원,경상남도 양산시 서창로 59 (명동),경상남도,양산시,35.4063743,129.1645487
양산부산대학교병원,경상남도 양산시 물금읍 금오로 20,경상남도,양산시,35.3261303,129.0048926
의료법인숭인의료재단김해복음병원,경상남도 김해시 활천로 33 (삼정동),경상남도,김해시,35.2304878,128.8935607
의료법인갑을의료재단갑을장유병원,경상남도 김해시 장유로 167-13 (부곡동),경상남도,김해시,35.2086594,128.805605
의료법인보원의료재단경희의료원교육협력중앙병원,경상남도 김해시 분성로 94-8 (외동),경상남도,김해시,35.2294136,128.8700167
의료법인환명의료재단조은금강병원,경상남도 김해시 김해대로 1814-37 (삼계동),경상남도,김해시,35.2623034,128.8615992
강일병원,경상남도 김해시 가락로 359 (구산동),경상남도,김해시,35.2478275,128.8746119
의료법인 성념의료재단맑은샘병원,경상남도 거제시 연초면 거제대로 4477,경상남도,거제시,34.8977915,128.6437816
의료법인대우의료재단대우병원,경상남도 거제시 두모길 16 (두모동),경상남도,거제시,34.8722413,128.7217033
의료법인거붕백병원,경상남도 거제시 계룡로5길 14 (상동동),경상남도,거제시,34.8726323,128.6268045
의료법인 중앙의료재단 중앙병원,제주특별자치도 제주시 월랑로 91 (이호이동),제주특별자치도,제주시,33.4922592,126.470738
한마음병원,제주특별자치도 제주시 연신로 52 (이도이동),제주특별자치도,제주시,33.4963523,126.5462376
제주대학교병원,제주특별자치도 제주시 아란13길 15 (아라일동),제주특별자치도,제주시,33.4670429,126.5457558
의료법인 혜인의료재단 한국병원,제주특별자치도 제주시 서광로 193 (삼도일동),제주특별자치도,제주시,33.5003822,126.5167845
제주한라병원,"제주특별자치도 제주시 도령로 65, (연동)",제주특별자치도,제주시,33.4898195,126.4851928
제주특별자치도서귀포의료원,제주특별자치도 서귀포시 장수로 47 (동홍동),제주특별자치도,서귀포시,33.2560963,126.5630644
경기응급의료지원센터,경기도 수원시 팔달구 갓매산로 51 에스알프라자 6층 16호,경기도,수원시,37.26895409,127.0045454
(의)명인의료재단 화홍병원,경기도 수원시 권선구 호매실로 90번길 98(호매실동),경기도,수원시,37.26014164,126.9638917
경기도의료원 수원병원,경기도 수원시 장안구 수성로 245번길 69,경기도,수원시,37.29188691,126.9963396
동수원병원,경기도 수원시 팔달구 중부대로 165(우만동),경기도,수원시,37.27794419,127.0341981
성빈센트병원,경기도 수원시 팔달구 중부대로 93(지동),경기도,수원시,37.27789943,127.0274529
아주대학교병원,경기도 수원시 영통구 월드컵로 1645(원천동),경기도,수원시,37.28017285,127.0478631
국군수도병원,경기도 성남시 분당구 새마을로 177번길 129(율동),경기도,성남시,37.39298208,127.1490854
분당서울대병원,경기도 성남시 분당구 구미로173번길 82(구미동),경기도,성남시,37.35201678,127.1244992
분당제생병원,경기도 성남시 분당구 서현로180번길 20(서현동),경기도,성남시,37.38820758,127.121777
분당차병원,경기도 성남시 분당구 야탑로 59(야탑동),경기도,성남시,37.41046647,127.1258348
성남시의료원,경기도 성남시 수정구 수정로 171번길 10(태평동),경기도,성남시,37.44484987,127.1390489
성남중앙병원,경기도 성남시 중원구 산성대로476번길 12(금광동),경기도,성남시,37.45283188,127.1620416
정병원,경기도 성남시 수정구 수정로 76(수진동),경기도,성남시,37.43985224,127.1290121
가톨릭대의정부성모병원,경기도 의정부시 천보로 271(금오동),경기도,의정부시,37.75852271,127.0779287
경기도의료원 의정부병원,경기도 의정부시 흥선로 142(의정부동),경기도,의정부시,37.74107618,127.0425137
의정부백병원,경기도 의정부시 금신로 322(신곡동),경기도,의정부시,37.7453058,127.0621356
추병원,경기도 의정부시 평화로 650(의정부동),경기도,의정부시,37.74977534,127.0452071
안양샘병원,경기도 안양시 만안구 삼덕로 9(안양동),경기도,안양시,37.39289395,126.9248196
한림대성심병원,경기도 안양시 동안구 관평로170번길 22(평촌동),경기도,안양시,37.39165368,126.9619737
가톨릭대부천성모병원,경기도 부천시 원미구 소사로 327(소사동),경기도,부천시,37.48749803,126.7930296
다니엘종합병원,경기도 부천시 원미구 중동로 361(약대동),경기도,부천시,37.51233114,126.7694863
세종병원,경기도 부천시 소사구 소현로 489번길 28(소사본동),경기도,부천시,37.48104235,126.7911903
순천향대부천병원,경기도 부천시 원미구 조마루로 170(중동),경기도,부천시,37.4983685,126.7621105
광명성애병원,경기도 광명시 디지털로 36(철산동),경기도,광명시,37.47366317,126.8713299
굿모닝병원,경기도 평택시 중앙로 338(합정동),경기도,평택시,36.9905649,127.1204512
박병원,경기도 평택시 송탄로 33(장당동),경기도,평택시,37.04826214,127.0570066
박애병원,경기도 평택시 평택2로20번길 3(평택동),경기도,평택시,36.99305657,127.0890739
평택성모병원,경기도 평택시 평택로 284번지(세교동),경기도,평택시,37.00837424,127.0743681
고려대안산병원,경기도 안산시 단원구 적금로 123(고잔동),경기도,안산시,37.31885934,126.8249944
근로복지공단안산병원,경기도 안산시 상록구 구룡로 87(일동),경기도,안산시,37.3167671,126.8739933
동의성단원병원,경기도 안산시 단원구 원포공원1로 20(초지동),경기도,안산시,37.30022334,126.8132458
한도병원,경기도 안산시 단원구 선부광장로 103(선부동),경기도,안산시,37.3340553,126.8076211
국립암센터,경기도 고양시 일산동구 일산로 323(마두동),경기도,고양시,37.66323673,126.7833956
국민건강보험공단일산병원,경기도 고양시 일산동구 일산로 100(백석동),경기도,고양시,37.64547527,126.7929632
동국대일산불교병원,경기도 고양시 일산동구 동국로 27(식사동),경기도,고양시,37.67643852,126.8055631
명지병원,경기도 고양시 덕양구 화수로14번길 55(화정동),경기도,고양시,37.64247457,126.8317455
인제대일산백병원,경기도 고양시 일산서구 주화로 170(대화동),경기도,고양시,37.67427101,126.7503818
한양대구리병원,경기도 구리시 경춘로 153(교문동),경기도,구리시,37.60118837,127.1325173
남양주나눔병원,경기도 남양주시 오남읍 진건오남로 797번길 9,경기도,남양주시,37.69811506,127.2015749
남양주한양병원,경기도 남양주시 오남읍 양지로 47-55,경기도,남양주시,37.6823216,127.204326
현대병원,경기도 남양주시 진접읍 장현로 52,경기도,남양주시,37.71567866,127.1796858
다나국제병원,경기도 오산시 오산로 307(오산동),경기도,오산시,37.1542023,127.0682027
오산한국병원,경기도 오산시 밀머리로1번길 16(원동),경기도,오산시,37.1412847,127.075595
센트럴병원,경기도 시흥시 공단1대로 237(정왕동),경기도,시흥시,37.33687042,126.7279759
시화병원,경기도 시흥시 옥구천서로 337(정왕동),경기도,시흥시,37.35292864,126.7245822
신천연합병원,경기도 시흥시 복지로 57(대야동),경기도,시흥시,37.44452661,126.7893757
원광대 산본병원,경기도 군포시 산본로 321(산본동),경기도,군포시,37.35941424,126.9336008
지샘병원,경기도 군포시 군포로 591(당동),경기도,군포시,37.35864078,126.9473039
강남병원,경기도 용인시 기흥구 중부대로 411(신갈동),경기도,용인시,37.27354429,127.1113201
다보스병원,경기도 용인시 처인구 백옥대로1082번길 18(김량장동),경기도,용인시,37.23154588,127.2114164
용인세브란스병원,경기도 용인시 기흥구 동백죽전대로 363(중동),경기도,용인시,37.27077541,127.1482845
효심의료재단용인서울병원,경기도 용인시 처인구 고림로 81(고림동),경기도,용인시,37.24031496,127.2144834
경기도의료원 파주병원,경기도 파주시 중앙로 207(금촌동),경기도,파주시,37.75487775,126.7796405
경기도의료원 이천병원,경기도 이천시 경충대로 2742번길,경기도,이천시,37.28281696,127.4332171
경기도의료원 안성병원,경기도 안성시 고수2로 17(당왕동),경기도,안성시,37.01511034,127.2578535
안성성모병원,경기도 안성시 시장길 58,경기도,안성시,37.00580598,127.2707076
김포우리병원,경기도 김포시 감암로 11(걸포동),경기도,김포시,37.63300101,126.7105518
뉴고려병원,경기도 김포시 김포한강3로 283(장기동),경기도,김포시,37.64096392,126.6602555
(재)원불교 원광종합병원,경기도 화성시 화산북로 21(송산동),경기도,화성시,37.2100623,127.0080299
한림대동탄성심병원,경기도 화성시 큰재봉길 7(석우동),경기도,화성시,37.21649573,127.0799417
화성디에스병원,경기도 화성시 남양읍 시청로160번길 46-13,경기도,화성시,37.19923139,126.8257117
화성중앙종합병원,경기도 화성시 향남읍 발안로 5,경기도,화성시,37.13134953,126.9107734
참조은병원,경기도 광주시 경광주대로 45,경기도,광주시,37.41107693,127.2602277
양주예쓰병원,경기도 양주시 회정로 103(덕정동),경기도,양주시,37.83769947,127.0645221
경기도의료원 포천병원,경기도 포천시 포천로 1648(신읍동),경기도,포천시,37.90333672,127.1983025
의료법인 일심의료재단 우리병원,경기도 포천시 소흘읍 호국로 661,경기도,포천시,37.8274877,127.148136
세종여주병원,경기도 여주시 청심로 47(하동),경기도,여주시,37.30132777,127.6267042
연천군보건의료원,경기도 연천군 전곡읍 은대성로 95,경기도,연천군,38.02355122,127.0609862
양평병원,경기도 양평군 양평읍 중앙로 129,경기도,양평군,37.49394884,127.5034843
(학)고려대학교의과대학부속병원(안암병원),서울특별시 성북구 고려대로 73 고려대병원 (안암동5가),서울특별시,성북구,37.58715608,127.0264709
가톨릭대학교여의도성모병원,서울특별시 영등포구 63로 10 여의도성모병원 (여의도동),서울특별시,영등포구,37.51827234,126.9367313
가톨릭대학교은평성모병원,서울특별시 은평구 통일로 1021 (진관동),서울특별시,은평구,37.63360841,126.9161505
강남고려병원,서울특별시 관악구 관악로 242 (봉천동),서울특별시,관악구,37.48561812,126.9567809
강동경희대학교의대병원,서울특별시 강동구 동남로 892 (상일동),서울특별시,강동구,37.5534764,127.1575218
강북삼성병원,서울특별시 종로구 새문안로 29 (평동),서울특별시,종로구,37.56849763,126.9679381
강북으뜸병원,서울특별시 강북구 도봉로 187 지하1층 2층~5층 (미아동),서울특별시,강북구,37.62542056,127.0261845
건국대학교병원,서울특별시 광진구 능동로 120-1 (화양동),서울특별시,광진구,37.54084479,127.0721229
경찰병원,서울특별시 송파구 송이로 123 국립경찰병원 (가락동),서울특별시,송파구,37.49641321,127.1234879
경희대학교병원,서울특별시 동대문구 경희대로 23 (회기동),서울특별시,동대문구,37.59387655,127.0518322
고려대학교의과대학부속구로병원,서울특별시 구로구 구로동로 148 고려대부속구로병원 (구로동),서울특별시,구로구,37.49211115,126.8847449
구로성심병원,서울특별시 구로구 경인로 427 구로성심병원 (고척동),서울특별시,구로구,37.49964579,126.8663604
국립중앙의료원,서울특별시 중구 을지로 245 (을지로6가),서울특별시,중구,37.56733956,127.0057954
노원을지대학교병원,서울특별시 노원구 한글비석로 68 을지병원 (하계동),서울특별시,노원구,37.63644293,127.0700028
녹색병원,서울특별시 중랑구 사가정로49길 53 (면목동),서울특별시,중랑구,37.58362084,127.0860555
대림성모병원,서울특별시 영등포구 시흥대로 657 (대림동 대림성모병원),서울특별시,영등포구,37.49068925,126.9071695
메디힐병원,서울특별시 양천구 남부순환로 331 (신월동 메디힐병원),서울특별시,양천구,37.53726143,126.8278418
명지성모병원,서울특별시 영등포구 도림로 156 명지성모병원 (대림동),서울특별시,영등포구,37.49385071,126.8992545
미즈메디병원,서울특별시 강서구 강서로 295 (내발산동),서울특별시,강서구,37.55225379,126.8360254
부민병원,서울특별시 강서구 공항대로 389 부민병원 (등촌동),서울특별시,강서구,37.55694089,126.8509495
사랑의병원,서울특별시 관악구 남부순환로 1860 -11345층 (봉천동  ),서울특별시,관악구,37.47962442,126.9562869
삼성서울병원,서울특별시 강남구 일원로 81 (일원동 삼성의료원),서울특별시,강남구,37.48851613,127.0866825
삼육서울병원,서울특별시 동대문구 망우로 82 (휘경동),서울특별시,동대문구,37.587992,127.0653288
서울대학교병원,서울특별시 종로구 대학로 101 (연건동),서울특별시,종로구,37.57966609,126.9989631
서울본병원,서울특별시 관악구 남부순환로 1449 (신림동 서울본병원),서울특별시,관악구,37.48158534,126.9117077
서울성심병원,서울특별시 동대문구 왕산로 259 서울성심병원 (청량리동),서울특별시,동대문구,37.58419129,127.0498381
서울특별시보라매병원,서울특별시 동작구 보라매로5길 20 (신대방동),서울특별시,동작구,37.4937184,126.9240488
서울특별시서울의료원,서울특별시 중랑구 신내로 156 (신내동),서울특별시,중랑구,37.61286932,127.0980911
서울현대병원,서울특별시 강북구 도봉로 374 (번동 서울현대병원),서울특별시,강북구,37.63992822,127.0281656
성심의료재단강동성심병원,서울특별시 강동구 성안로 150 (길동),서울특별시,강동구,37.53598408,127.1352635
성애의료재단성애병원,서울특별시 영등포구 여의대방로53길 22 (신길동 성애병원),서울특별시,영등포구,37.51205045,126.9223673
세란병원,서울특별시 종로구 통일로 256 (무악동),서울특별시,종로구,37.57534017,126.9577072
순천향대학교부속서울병원,서울특별시 용산구 대사관로 59 (한남동),서울특별시,용산구,37.53384172,127.004418
신촌연세병원,서울특별시 마포구 서강로 110 지2층~6층 (신수동),서울특별시,마포구,37.55257735,126.9337294
씨엠병원,서울특별시 영등포구 영등포로36길 13 (영등포동4가 충무병원),서울특별시,영등포구,37.51884833,126.9036798
에이치플러스양지병원,서울특별시 관악구 남부순환로 1636 양지병원 (신림동),서울특별시,관악구,37.48427507,126.9325392
연세대학교의과대학강남세브란스병원,서울특별시 강남구 언주로 211 강남세브란스병원 (도곡동),서울특별시,강남구,37.49280698,127.0463125
우리들병원,서울특별시 강서구 하늘길 70 (과해동),서울특별시,강서구,37.56199597,126.7963653
은평연세병원,서울특별시 은평구 연서로 177 (갈현동),서울특별시,은평구,37.61469222,126.917472
의료법인동신의료재단동신병원,서울특별시 서대문구 연희로 272 동신병원 본관동 (홍은동),서울특별시,서대문구,37.58110428,126.9365831
의료법인성화의료재단대한병원,서울특별시 강북구 도봉로 301 (수유동 대한병원),서울특별시,강북구,37.63547043,127.0226725
의료법인인봉의료재단영등포병원,서울특별시 영등포구 당산로31길 10 (당산동3가),서울특별시,영등포구,37.52685674,126.8956126
의료법인청구성심병원,서울특별시 은평구 통일로 873 (갈현동),서울특별시,은평구,37.62079154,126.919554
의료법인풍산의료재단동부제일병원,서울특별시 중랑구 망우로 511 (망우동 동부제일병원),서울특별시,중랑구,37.60067565,127.1090292
의료법인한전의료재단한일병원,서울특별시 도봉구 우이천로 308 (쌍문동),서울특별시,도봉구,37.6461157,127.0290242
이화여자대학교의과대학부속목동병원,서울특별시 양천구 안양천로 1071 (목동),서울특별시,양천구,37.53654283,126.886216
이화여자대학교의과대학부속서울병원,서울특별시 강서구 공항대로 260 이화여자대학교 제2부속병원 (마곡동),서울특별시,강서구,37.55726115,126.8362659
인제대학교상계백병원,서울특별시 노원구 동일로 1342 상계백병원 (상계동),서울특별시,노원구,37.64858127,127.0631162
인제대학교서울백병원,서울특별시 중구 마른내로 9 (저동2가),서울특별시,중구,37.56507317,126.9888453
재단법인베스티안재단베스티안서울병원,서울특별시 강남구 도곡로 429 (대치동 베스티안병원 2층일부 제외),서울특별시,강남구,37.49807127,127.0572671
중앙대학교병원,서울특별시 동작구 흑석로 102 (흑석동),서울특별시,동작구,37.50707428,126.9607938
차의과학대학교강남차병원,서울특별시 강남구 논현로 566 강남차병원(역삼동650-9 606-4 605외2필지(지하7층~지하1층 지상2층~7층)) (역삼동),서울특별시,강남구,37.50680003,127.0346687
학교법인가톨릭학원가톨릭대학교서울성모병원,서울특별시 서초구 반포대로 222 (반포동),서울특별시,서초구,37.5018008,127.0047273
학교법인연세대학교의과대학세브란스병원,서울특별시 서대문구 연세로 50-1 (신촌동),서울특별시,서대문구,37.56211711,126.9408277
한강수병원,서울특별시 영등포구 영등포로 83 한강수병원 (양평동1가),서울특별시,영등포구,37.52240514,126.8909128
한국보훈복지의료공단중앙보훈병원,서울특별시 강동구 진황도로61길 53 (둔촌동),서울특별시,강동구,37.5282209,127.1467189
한국원자력의학원원자력병원,서울특별시 노원구 노원로 75 한국원자력의학원 (공릉동),서울특별시,노원구,37.62881598,127.0826932
한림대학교 강남성심병원,서울특별시 영등포구 신길로 1 (대림동 강남성심병원),서울특별시,영등포구,37.49324929,126.9086725
한림대학교한강성심병원,서울특별시 영등포구 버드나루로7길 12 (영등포동7가 한강성심병원),서울특별시,영등포구,37.52346675,126.91033
한양대학교병원,서울특별시 성동구 왕십리로 222-1 (사근동),서울특별시,성동구,37.55994453,127.0448828
혜민병원,서울특별시 광진구 자양로 85 (자양동),서울특별시,광진구,37.53531566,127.0836013
홍익병원,서울특별시 양천구 목동로 225 홍익병원본관 (신정동),서울특별시,양천구,37.52844147,126.863664
희명병원,서울특별시 금천구 시흥대로 244 (시흥동),서울특별시,금천구,37.45567063,126.9005625
